Timestamp,Date,Time,Day of the Week,Month,Year,City,Road Name,Latitude (Traffic),Longitude (Traffic),Vehicle Count,Average Speed (km/h),Flow Rate (vehicles/hour),Vehicle Density (vehicles/km),Industry Name,Latitude (Industry),Longitude (Industry),PM2.5 Emission Rate (µg/m³),PM10 Emission Rate (µg/m³),NOx Emission Rate (µg/m³),CO Emission Rate (µg/m³),SO2 Emission Rate (µg/m³),Fuel Type,Operating Hours,Weather Condition,Temperature (°C),Humidity (%),Wind Speed (km/h),Visibility (km),Precipitation (mm),AQI
2023-01-01 00:00:00,2023-01-01,00:00:00,Sunday,January,2023,Delhi,MG Road,24.542343,81.189694,385,26,1192,38.33,JSW Steel,18.695511,80.016515,63.41,231.18,55.48,15.04,13.95,Electric,13,Foggy,31.8,50,16.4,2.4,6.3,56.16
2023-01-01 00:10:00,2023-01-01,00:10:00,Sunday,January,2023,Bangalore,Koramangala,16.280426,89.850352,309,25,889,9.35,Indian Oil,22.829808,87.335437,378.38,421.74,97.58,81.92,29.84,Diesel,24,Cloudy,34.1,52,14.9,8.0,14.8,155.36
2023-01-01 00:20:00,2023-01-01,00:20:00,Sunday,January,2023,Mumbai,MG Road,18.867982,84.671952,1808,43,666,21.66,Reliance Industries,23.361401,85.334586,357.6,142.84,67.15,111.49,16.02,Electric,18,Rainy,39.8,90,15.3,3.0,4.9,119.95
2023-01-01 00:30:00,2023-01-01,00:30:00,Sunday,January,2023,Delhi,Koramangala,25.802301,90.544265,921,37,567,14.49,JSW Steel,25.010941,77.97888,344.95,337.38,92.31,97.18,16.92,Natural Gas,23,Rainy,34.9,77,18.5,4.6,3.3,139.58
2023-01-01 00:40:00,2023-01-01,00:40:00,Sunday,January,2023,Mumbai,Nungambakkam,20.648199,89.721562,1863,27,656,33.24,BHEL,22.771272,79.310579,318.15,380.83,32.63,115.11,47.41,Coal,23,Rainy,35.4,71,6.7,4.9,6.8,131.57
2023-01-01 00:50:00,2023-01-01,00:50:00,Sunday,January,2023,Bangalore,Nungambakkam,24.862807,85.578284,317,60,805,42.88,JSW Steel,22.871762,74.903946,393.13,423.63,80.08,110.77,5.03,Diesel,21,Clear,22.2,73,18.2,8.5,4.6,153.02
2023-01-01 01:00:00,2023-01-01,01:00:00,Sunday,January,2023,Delhi,Koramangala,26.684751,92.914056,275,51,1335,8.11,JSW Steel,24.126675,74.439438,263.88,429.88,33.86,175.76,24.04,Natural Gas,23,Cloudy,34.3,75,19.9,6.8,6.6,129.38
2023-01-01 01:10:00,2023-01-01,01:10:00,Sunday,January,2023,Chennai,Salt Lake,14.799766,80.852446,792,21,1102,29.93,JSW Steel,19.761739,73.348869,334.0,237.37,91.49,173.33,8.19,Natural Gas,14,Foggy,24.3,58,15.9,8.9,8.6,131.85
2023-01-01 01:20:00,2023-01-01,01:20:00,Sunday,January,2023,Mumbai,Salt Lake,25.577703,80.279846,298,47,862,24.06,BHEL,24.910694,73.029253,344.05,487.71,15.46,148.36,41.03,Coal,13,Cloudy,23.8,78,7.1,2.7,6.9,144.37
2023-01-01 01:30:00,2023-01-01,01:30:00,Sunday,January,2023,Delhi,Salt Lake,25.585949,91.394647,300,23,1167,49.97,Tata Steel,25.75197,89.600973,431.91,199.79,53.71,50.61,23.05,Coal,11,Foggy,20.0,74,9.0,8.1,6.8,128.47
2023-01-01 01:40:00,2023-01-01,01:40:00,Sunday,January,2023,Kolkata,Nungambakkam,23.29138,85.227413,488,38,722,48.59,JSW Steel,23.885897,73.158194,191.12,130.09,52.91,184.68,28.9,Coal,22,Clear,37.0,54,13.9,7.1,3.5,90.57
2023-01-01 01:50:00,2023-01-01,01:50:00,Sunday,January,2023,Delhi,Nungambakkam,16.765581,87.02847,1368,25,929,34.58,JSW Steel,22.182262,89.759419,141.92,529.72,31.48,85.2,35.23,Diesel,20,Rainy,38.6,54,5.1,6.6,8.4,107.42
2023-01-01 02:00:00,2023-01-01,02:00:00,Sunday,January,2023,Delhi,MG Road,21.34086,85.548274,371,42,1402,8.1,Reliance Industries,20.956217,74.99719,425.19,522.12,65.05,197.57,34.43,Coal,23,Rainy,38.6,56,19.1,2.2,1.7,181.18
2023-01-01 02:10:00,2023-01-01,02:10:00,Sunday,January,2023,Delhi,Nungambakkam,15.340532,81.80533,531,41,708,35.94,Indian Oil,22.043272,76.771304,458.67,130.48,67.09,167.58,6.98,Diesel,10,Rainy,23.2,78,13.3,4.8,0.1,140.3
2023-01-01 02:20:00,2023-01-01,02:20:00,Sunday,January,2023,Delhi,Koramangala,21.465768,91.037737,1292,55,651,24.34,Tata Steel,20.466067,89.080648,408.26,616.42,90.9,49.91,16.23,Coal,17,Foggy,39.5,59,18.9,3.1,2.4,175.99
2023-01-01 02:30:00,2023-01-01,02:30:00,Sunday,January,2023,Mumbai,Salt Lake,13.289146,89.400627,780,46,1321,35.15,Reliance Industries,20.134446,86.960116,98.64,623.3,87.27,52.26,41.75,Electric,17,Rainy,36.4,64,8.3,6.9,6.0,116.19
2023-01-01 02:40:00,2023-01-01,02:40:00,Sunday,January,2023,Bangalore,MG Road,28.080159,81.761387,1413,52,909,35.58,JSW Steel,20.649199,72.52441,444.67,256.73,62.25,196.87,6.72,Electric,17,Rainy,28.7,82,6.7,9.1,2.9,153.16
2023-01-01 02:50:00,2023-01-01,02:50:00,Sunday,January,2023,Delhi,Salt Lake,12.926553,92.557105,1202,32,872,24.41,Indian Oil,22.985243,84.604362,106.08,640.03,55.64,136.71,19.68,Diesel,23,Cloudy,23.8,74,15.2,9.1,9.2,116.75
2023-01-01 03:00:00,2023-01-01,03:00:00,Sunday,January,2023,Bangalore,Salt Lake,21.502614,77.106779,687,33,940,40.36,JSW Steel,23.237645,80.834776,248.97,228.22,52.59,181.22,40.82,Natural Gas,8,Rainy,30.3,90,14.3,1.8,14.3,111.4
2023-01-01 03:10:00,2023-01-01,03:10:00,Sunday,January,2023,Mumbai,Andheri East,16.426858,80.42547,150,22,750,49.28,JSW Steel,24.797902,73.383736,236.5,477.86,27.5,142.31,27.25,Natural Gas,10,Clear,37.9,56,16.7,3.0,12.1,125.12
2023-01-01 03:20:00,2023-01-01,03:20:00,Sunday,January,2023,Chennai,Salt Lake,13.688429,81.261611,1837,27,967,11.0,BHEL,23.340622,90.769957,317.95,670.02,90.23,126.4,37.37,Electric,23,Foggy,37.9,80,11.8,7.8,12.6,172.59
2023-01-01 03:30:00,2023-01-01,03:30:00,Sunday,January,2023,Bangalore,Nungambakkam,20.508173,81.095406,1000,24,1230,17.86,Indian Oil,20.68678,88.96751,86.26,190.5,44.47,39.03,14.63,Electric,19,Rainy,30.9,76,5.9,8.5,5.8,56.74
2023-01-01 03:40:00,2023-01-01,03:40:00,Sunday,January,2023,Chennai,MG Road,26.350693,89.885429,879,50,506,47.42,Indian Oil,24.027801,88.215511,479.04,351.41,77.28,113.77,32.15,Natural Gas,21,Cloudy,25.5,81,5.4,4.0,10.2,166.1
2023-01-01 03:50:00,2023-01-01,03:50:00,Sunday,January,2023,Kolkata,Koramangala,26.095939,92.456345,1374,54,527,45.81,JSW Steel,22.515136,72.514939,339.24,181.42,51.55,19.55,22.06,Natural Gas,20,Rainy,26.8,74,9.2,9.6,6.3,105.82
2023-01-01 04:00:00,2023-01-01,04:00:00,Sunday,January,2023,Delhi,Salt Lake,13.204318,86.108298,816,34,1165,8.09,Tata Steel,24.033866,90.042623,139.71,112.23,23.71,33.98,35.13,Natural Gas,20,Rainy,35.3,60,14.1,9.7,10.8,57.88
2023-01-01 04:10:00,2023-01-01,04:10:00,Sunday,January,2023,Mumbai,Andheri East,14.59715,77.52883,738,56,1193,45.86,BHEL,21.173236,85.585279,84.2,514.37,66.45,29.36,39.76,Coal,24,Clear,26.9,77,14.9,1.6,9.7,93.86
2023-01-01 04:20:00,2023-01-01,04:20:00,Sunday,January,2023,Delhi,Salt Lake,25.810595,78.862499,841,60,1412,42.29,Reliance Industries,21.483897,85.942111,484.46,262.05,82.74,112.25,26.76,Electric,24,Rainy,26.4,65,17.5,1.8,13.2,158.83
2023-01-01 04:30:00,2023-01-01,04:30:00,Sunday,January,2023,Mumbai,Salt Lake,21.846639,88.258747,788,21,1006,43.29,Reliance Industries,21.900399,78.741674,166.26,267.8,63.65,177.22,30.01,Natural Gas,8,Cloudy,34.4,81,13.3,3.2,7.1,100.37
2023-01-01 04:40:00,2023-01-01,04:40:00,Sunday,January,2023,Kolkata,Salt Lake,25.349046,78.653991,553,45,1208,15.95,JSW Steel,20.952164,82.515986,204.69,697.98,59.53,76.84,25.42,Diesel,14,Cloudy,22.4,62,9.7,7.7,14.3,137.35
2023-01-01 04:50:00,2023-01-01,04:50:00,Sunday,January,2023,Mumbai,Koramangala,16.297239,85.186116,1583,57,1500,39.21,JSW Steel,20.26399,73.909996,137.35,236.49,26.15,12.69,29.04,Diesel,7,Clear,31.1,58,14.6,7.8,1.5,66.74
2023-01-01 05:00:00,2023-01-01,05:00:00,Sunday,January,2023,Delhi,Nungambakkam,17.364127,85.094527,797,31,1488,7.31,BHEL,18.912697,73.241525,271.29,446.21,71.78,38.83,41.5,Diesel,8,Cloudy,22.4,76,14.1,8.1,3.4,125.75
2023-01-01 05:10:00,2023-01-01,05:10:00,Sunday,January,2023,Chennai,Salt Lake,19.973077,84.493441,1861,57,939,18.74,JSW Steel,18.481842,90.242067,94.66,557.64,66.3,60.28,8.65,Natural Gas,11,Clear,23.1,76,11.8,6.3,4.4,99.47
2023-01-01 05:20:00,2023-01-01,05:20:00,Sunday,January,2023,Mumbai,Andheri East,23.999207,88.839892,1029,24,1203,15.5,Indian Oil,24.302624,83.876102,347.53,660.2,48.26,113.47,34.14,Diesel,10,Clear,21.2,69,13.9,8.4,13.8,164.18
2023-01-01 05:30:00,2023-01-01,05:30:00,Sunday,January,2023,Kolkata,MG Road,20.258558,82.178323,924,37,1012,29.3,BHEL,18.643535,72.757355,244.41,293.39,32.53,27.35,48.29,Coal,14,Clear,35.3,61,12.1,6.9,13.7,99.35
2023-01-01 05:40:00,2023-01-01,05:40:00,Sunday,January,2023,Mumbai,Nungambakkam,19.743394,90.697891,286,50,856,23.38,Indian Oil,23.361068,88.296929,198.41,516.2,35.94,189.59,41.61,Coal,20,Clear,26.3,70,6.7,8.0,13.0,126.87
2023-01-01 05:50:00,2023-01-01,05:50:00,Sunday,January,2023,Delhi,Nungambakkam,20.153029,78.005208,1161,43,1137,39.04,BHEL,24.079924,75.867607,297.15,656.6,49.43,142.67,10.46,Natural Gas,11,Rainy,31.0,85,11.1,3.0,12.6,156.49
2023-01-01 06:00:00,2023-01-01,06:00:00,Sunday,January,2023,Delhi,Salt Lake,27.768854,87.916752,415,51,1455,37.25,JSW Steel,23.643293,79.894317,267.12,383.33,51.11,37.48,13.58,Natural Gas,8,Rainy,35.5,76,10.1,8.1,4.0,114.19
2023-01-01 06:10:00,2023-01-01,06:10:00,Sunday,January,2023,Delhi,Andheri East,24.299,91.085848,1287,51,1386,11.69,JSW Steel,21.874731,78.316359,393.29,326.33,93.96,175.22,49.13,Natural Gas,24,Foggy,24.7,76,5.7,7.7,10.6,157.46
2023-01-01 06:20:00,2023-01-01,06:20:00,Sunday,January,2023,Kolkata,Salt Lake,28.4181,90.332974,1435,29,1007,48.42,Reliance Industries,22.018329,83.213428,441.37,624.51,49.63,109.93,25.56,Natural Gas,19,Cloudy,21.5,66,10.1,7.2,9.7,178.5
2023-01-01 06:30:00,2023-01-01,06:30:00,Sunday,January,2023,Bangalore,Nungambakkam,18.866148,82.388241,1571,51,1393,29.35,JSW Steel,18.547366,83.992059,464.42,698.46,77.21,92.45,9.43,Coal,20,Cloudy,33.9,51,5.7,8.2,4.4,195.14
2023-01-01 06:40:00,2023-01-01,06:40:00,Sunday,January,2023,Bangalore,Salt Lake,15.185446,85.970478,1259,31,674,12.88,JSW Steel,24.966717,83.774497,158.37,647.7,22.88,97.62,16.43,Diesel,6,Foggy,38.0,84,7.4,5.0,5.2,120.03
2023-01-01 06:50:00,2023-01-01,06:50:00,Sunday,January,2023,Chennai,Andheri East,22.931338,84.185959,612,49,1365,18.6,BHEL,24.826684,74.026412,221.61,315.38,36.63,142.86,5.99,Electric,14,Clear,31.3,53,18.7,7.7,12.5,104.33
2023-01-01 07:00:00,2023-01-01,07:00:00,Sunday,January,2023,Bangalore,Koramangala,22.43092,82.98376,1403,32,1135,16.28,Reliance Industries,23.025985,89.16467,340.85,285.36,49.67,120.12,37.96,Coal,15,Rainy,34.9,61,8.0,8.1,13.1,129.43
2023-01-01 07:10:00,2023-01-01,07:10:00,Sunday,January,2023,Bangalore,Nungambakkam,20.778178,81.651207,436,36,1435,42.11,BHEL,25.739073,77.607688,441.68,582.54,52.15,24.31,38.94,Natural Gas,18,Rainy,21.8,75,5.2,5.8,6.8,167.71
2023-01-01 07:20:00,2023-01-01,07:20:00,Sunday,January,2023,Bangalore,Nungambakkam,18.8821,87.763773,860,26,1191,15.52,Tata Steel,22.956375,89.920214,197.6,466.05,68.29,130.73,25.89,Diesel,19,Clear,22.8,52,9.6,5.4,1.5,120.0
2023-01-01 07:30:00,2023-01-01,07:30:00,Sunday,January,2023,Chennai,Koramangala,19.00174,83.295892,1621,54,929,31.43,Reliance Industries,25.08331,84.443516,425.16,469.39,94.51,63.15,36.06,Natural Gas,20,Foggy,39.0,73,6.5,7.2,8.2,168.59
2023-01-01 07:40:00,2023-01-01,07:40:00,Sunday,January,2023,Bangalore,MG Road,19.150792,80.269803,350,49,593,34.82,JSW Steel,25.768746,72.960992,200.08,693.29,80.83,48.99,42.34,Natural Gas,24,Cloudy,36.3,64,9.9,2.3,13.5,141.9
2023-01-01 07:50:00,2023-01-01,07:50:00,Sunday,January,2023,Delhi,Andheri East,26.376976,79.516289,366,54,756,40.93,Tata Steel,23.288461,72.489823,56.69,573.99,31.41,71.52,12.84,Coal,10,Foggy,30.5,54,12.1,8.0,7.7,89.55
2023-01-01 08:00:00,2023-01-01,08:00:00,Sunday,January,2023,Delhi,Salt Lake,20.810267,92.888441,188,53,808,25.61,Tata Steel,18.486603,81.100656,230.73,511.66,54.12,182.84,8.31,Coal,16,Cloudy,21.3,67,14.4,6.3,10.7,131.51
2023-01-01 08:10:00,2023-01-01,08:10:00,Sunday,January,2023,Kolkata,Nungambakkam,21.229742,84.677047,1339,47,601,40.69,Tata Steel,24.822342,84.367417,396.03,532.5,29.35,95.8,15.28,Diesel,20,Foggy,28.3,56,9.7,3.8,3.8,155.09
2023-01-01 08:20:00,2023-01-01,08:20:00,Sunday,January,2023,Mumbai,Salt Lake,13.953993,90.990591,290,47,598,38.51,Indian Oil,24.494154,82.571044,313.91,436.95,39.67,33.22,20.91,Electric,7,Rainy,32.0,72,6.6,5.6,2.3,126.22
2023-01-01 08:30:00,2023-01-01,08:30:00,Sunday,January,2023,Kolkata,Koramangala,26.202215,82.946904,1239,43,617,39.32,JSW Steel,19.809273,80.153136,302.43,560.46,65.96,138.25,30.05,Diesel,6,Cloudy,25.5,69,18.8,4.2,2.7,151.65
2023-01-01 08:40:00,2023-01-01,08:40:00,Sunday,January,2023,Mumbai,Nungambakkam,23.220311,78.262077,1617,60,1495,6.38,JSW Steel,19.721063,79.976817,203.4,322.03,74.94,157.6,30.54,Coal,7,Cloudy,23.1,89,5.7,1.7,6.6,111.31
2023-01-01 08:50:00,2023-01-01,08:50:00,Sunday,January,2023,Kolkata,Salt Lake,22.431093,84.016868,541,52,616,20.53,Tata Steel,20.265972,84.891239,268.98,500.28,14.09,85.1,31.97,Coal,12,Rainy,38.9,58,16.5,3.6,1.8,126.13
2023-01-01 09:00:00,2023-01-01,09:00:00,Sunday,January,2023,Kolkata,Salt Lake,15.658408,83.449464,1541,34,1012,30.14,Indian Oil,18.576604,88.373523,69.04,111.24,92.9,173.8,30.91,Electric,19,Rainy,22.3,51,19.5,2.5,14.2,68.44
2023-01-01 09:10:00,2023-01-01,09:10:00,Sunday,January,2023,Kolkata,Andheri East,14.283639,91.202889,598,47,1103,23.02,Tata Steel,21.166134,77.895217,202.78,299.84,25.13,106.99,10.13,Natural Gas,17,Rainy,34.5,59,8.5,2.3,3.0,94.18
2023-01-01 09:20:00,2023-01-01,09:20:00,Sunday,January,2023,Chennai,Koramangala,24.83538,88.047,462,60,1005,25.88,JSW Steel,24.079017,80.5292,465.87,438.7,67.18,128.66,43.89,Diesel,10,Foggy,21.4,78,14.5,8.2,8.9,172.02
2023-01-01 09:30:00,2023-01-01,09:30:00,Sunday,January,2023,Bangalore,Nungambakkam,14.064793,84.8111,177,23,877,42.43,Tata Steel,23.157332,90.570002,90.63,456.45,44.6,120.26,47.94,Coal,20,Cloudy,26.4,80,12.5,9.6,6.8,94.79
2023-01-01 09:40:00,2023-01-01,09:40:00,Sunday,January,2023,Bangalore,MG Road,20.821419,79.981734,607,48,949,28.58,JSW Steel,19.26997,79.084188,177.3,345.26,40.45,123.6,40.52,Diesel,8,Rainy,21.9,74,9.3,7.5,9.8,98.87
2023-01-01 09:50:00,2023-01-01,09:50:00,Sunday,January,2023,Chennai,Koramangala,18.133784,86.83175,389,42,817,48.55,BHEL,19.031613,85.467846,88.12,435.35,67.91,72.41,10.75,Coal,19,Rainy,20.4,69,7.7,2.9,14.2,87.14
2023-01-01 10:00:00,2023-01-01,10:00:00,Sunday,January,2023,Kolkata,Koramangala,16.456726,79.397341,258,38,1364,40.47,JSW Steel,24.166998,87.867277,447.66,122.65,40.31,155.6,10.9,Electric,10,Cloudy,23.6,89,17.1,2.5,6.6,131.23
2023-01-01 10:10:00,2023-01-01,10:10:00,Sunday,January,2023,Kolkata,Andheri East,23.518898,81.066754,1009,59,791,38.86,BHEL,19.872024,76.544201,484.52,570.62,91.36,46.86,35.52,Electric,20,Rainy,35.6,82,12.9,9.7,12.3,187.6
2023-01-01 10:20:00,2023-01-01,10:20:00,Sunday,January,2023,Chennai,Koramangala,26.60613,77.971403,1084,43,1067,47.04,JSW Steel,24.809328,77.416197,393.4,263.67,91.48,38.0,24.69,Natural Gas,20,Rainy,38.6,76,5.8,5.5,3.5,137.33
2023-01-01 10:30:00,2023-01-01,10:30:00,Sunday,January,2023,Delhi,Andheri East,16.425259,82.422037,302,41,1310,11.57,Tata Steel,20.295035,87.76547,363.23,183.28,73.5,95.23,5.24,Coal,6,Rainy,24.3,59,13.2,7.5,7.9,120.58
2023-01-01 10:40:00,2023-01-01,10:40:00,Sunday,January,2023,Delhi,Andheri East,16.630952,79.134867,588,46,1154,40.73,BHEL,18.502457,87.897067,274.92,421.63,66.88,119.26,37.33,Diesel,19,Clear,32.3,65,13.6,2.7,10.0,132.64
2023-01-01 10:50:00,2023-01-01,10:50:00,Sunday,January,2023,Chennai,Andheri East,13.962565,85.885193,1139,52,1067,5.92,BHEL,18.348275,79.350745,217.99,548.39,42.14,22.84,15.85,Coal,24,Rainy,22.7,72,13.2,8.3,2.6,115.27
2023-01-01 11:00:00,2023-01-01,11:00:00,Sunday,January,2023,Kolkata,Salt Lake,22.818253,90.652011,229,49,537,18.2,Tata Steel,24.328874,88.830017,192.02,286.05,45.84,164.93,26.3,Coal,12,Rainy,27.1,53,18.0,4.0,1.9,100.72
2023-01-01 11:10:00,2023-01-01,11:10:00,Sunday,January,2023,Bangalore,Salt Lake,26.864938,89.513239,1932,44,847,48.82,BHEL,23.536548,78.979592,408.78,260.03,17.44,90.65,24.38,Natural Gas,23,Rainy,26.4,55,9.9,3.7,6.7,128.03
2023-01-01 11:20:00,2023-01-01,11:20:00,Sunday,January,2023,Kolkata,Koramangala,23.729307,82.970835,186,42,1129,49.92,Indian Oil,23.115754,87.038079,75.81,502.71,46.56,107.49,38.75,Natural Gas,6,Cloudy,37.0,78,5.5,1.6,11.7,96.77
2023-01-01 11:30:00,2023-01-01,11:30:00,Sunday,January,2023,Bangalore,Andheri East,18.910814,86.572986,1339,29,1195,25.25,Indian Oil,20.976107,86.498605,308.26,417.68,45.82,133.42,16.23,Coal,6,Cloudy,30.0,74,18.7,2.1,11.6,133.55
2023-01-01 11:40:00,2023-01-01,11:40:00,Sunday,January,2023,Kolkata,Koramangala,28.542932,81.869134,1976,51,704,10.52,Tata Steel,21.616341,89.074902,250.3,152.67,71.37,170.65,19.38,Diesel,8,Rainy,37.8,60,15.7,9.3,9.6,106.16
2023-01-01 11:50:00,2023-01-01,11:50:00,Sunday,January,2023,Bangalore,Nungambakkam,16.420593,93.551714,1722,28,742,40.57,Tata Steel,20.887172,82.873271,260.33,689.81,21.68,178.01,7.96,Electric,21,Foggy,35.4,86,6.1,9.8,9.6,151.06
2023-01-01 12:00:00,2023-01-01,12:00:00,Sunday,January,2023,Kolkata,Salt Lake,23.577711,82.853397,1898,55,1155,31.45,Reliance Industries,21.460946,89.303533,74.94,174.5,23.77,41.28,19.52,Natural Gas,17,Rainy,36.9,66,7.9,9.6,4.1,50.65
2023-01-01 12:10:00,2023-01-01,12:10:00,Sunday,January,2023,Bangalore,Nungambakkam,21.275605,85.492972,445,57,1464,31.13,Reliance Industries,23.269863,85.692023,322.31,605.52,60.73,166.79,6.28,Coal,24,Rainy,33.0,86,11.2,6.8,7.5,161.07
2023-01-01 12:20:00,2023-01-01,12:20:00,Sunday,January,2023,Chennai,Andheri East,22.977944,82.144972,601,45,804,25.41,Tata Steel,19.264644,79.896813,259.0,304.12,22.93,173.68,19.37,Diesel,18,Cloudy,35.2,82,13.4,3.9,7.0,113.14
2023-01-01 12:30:00,2023-01-01,12:30:00,Sunday,January,2023,Bangalore,Salt Lake,16.792326,78.716755,694,44,1384,32.69,Reliance Industries,25.701487,89.143906,416.07,660.25,74.9,46.07,12.17,Electric,21,Rainy,29.9,55,19.2,5.5,14.5,176.02
2023-01-01 12:40:00,2023-01-01,12:40:00,Sunday,January,2023,Mumbai,Nungambakkam,18.440453,77.944025,1113,58,1403,42.93,BHEL,20.285987,72.155371,98.37,180.36,33.8,79.5,23.15,Coal,18,Clear,31.4,62,10.4,3.6,5.8,61.02
2023-01-01 12:50:00,2023-01-01,12:50:00,Sunday,January,2023,Kolkata,Nungambakkam,17.291615,93.617815,1493,59,621,10.79,Tata Steel,21.15123,87.103047,202.59,663.37,77.95,47.82,27.91,Coal,7,Clear,22.7,71,17.1,5.7,2.2,134.56
2023-01-01 13:00:00,2023-01-01,13:00:00,Sunday,January,2023,Chennai,Koramangala,18.049064,87.338238,432,45,1131,38.27,Indian Oil,22.749797,81.638985,279.37,393.91,60.66,100.23,5.75,Diesel,9,Foggy,31.7,90,5.4,5.3,14.5,124.34
2023-01-01 13:10:00,2023-01-01,13:10:00,Sunday,January,2023,Chennai,Nungambakkam,16.472429,77.957631,1083,30,1036,33.31,JSW Steel,24.196849,79.223616,419.75,245.32,61.53,143.1,13.59,Electric,16,Foggy,23.0,63,11.2,8.0,13.8,141.06
2023-01-01 13:20:00,2023-01-01,13:20:00,Sunday,January,2023,Delhi,Koramangala,21.043326,86.466809,1456,50,1038,21.96,Reliance Industries,21.677308,82.129414,295.82,505.52,88.09,139.34,41.16,Diesel,21,Cloudy,39.1,67,13.4,3.0,14.6,153.2
2023-01-01 13:30:00,2023-01-01,13:30:00,Sunday,January,2023,Bangalore,Andheri East,23.966945,88.627007,1101,40,991,20.7,Indian Oil,20.302315,82.896059,294.44,637.46,45.51,75.58,39.79,Natural Gas,15,Clear,25.8,55,10.2,5.0,3.8,148.43
2023-01-01 13:40:00,2023-01-01,13:40:00,Sunday,January,2023,Kolkata,Koramangala,16.072468,86.094251,1251,37,640,9.92,JSW Steel,19.914257,72.964543,457.33,235.4,30.96,29.04,19.86,Electric,9,Cloudy,20.1,85,19.7,2.4,9.8,130.11
2023-01-01 13:50:00,2023-01-01,13:50:00,Sunday,January,2023,Kolkata,Salt Lake,23.113457,89.723715,688,40,792,34.07,Tata Steel,23.21839,76.412184,382.41,610.2,13.36,185.08,23.8,Natural Gas,7,Foggy,35.8,61,19.0,9.7,13.9,168.22
2023-01-01 14:00:00,2023-01-01,14:00:00,Sunday,January,2023,Delhi,MG Road,17.584758,87.166476,786,38,965,49.51,JSW Steel,22.194548,88.895939,110.39,402.53,34.56,163.67,19.88,Electric,14,Cloudy,20.3,71,16.9,6.1,11.4,91.66
2023-01-01 14:10:00,2023-01-01,14:10:00,Sunday,January,2023,Mumbai,Nungambakkam,26.3415,92.080614,1793,47,1027,19.76,BHEL,23.354047,75.510843,113.28,294.16,32.32,59.55,15.6,Diesel,16,Rainy,31.6,86,5.2,6.9,10.4,72.37
2023-01-01 14:20:00,2023-01-01,14:20:00,Sunday,January,2023,Delhi,MG Road,20.206701,79.767271,1505,52,1445,45.28,Indian Oil,23.522323,84.135515,473.29,320.53,29.88,191.9,26.52,Electric,17,Foggy,34.0,80,16.4,8.2,12.4,161.33
2023-01-01 14:30:00,2023-01-01,14:30:00,Sunday,January,2023,Mumbai,Nungambakkam,26.60822,78.467234,1014,53,1220,21.28,JSW Steel,18.89767,87.746707,456.3,221.29,58.3,41.26,43.45,Electric,9,Cloudy,34.3,81,6.4,5.6,12.1,140.38
2023-01-01 14:40:00,2023-01-01,14:40:00,Sunday,January,2023,Kolkata,Koramangala,20.957991,84.728535,218,55,973,35.27,Indian Oil,23.786241,79.523025,417.4,547.48,62.05,18.61,20.5,Coal,23,Clear,38.7,54,19.8,5.2,4.3,162.29
2023-01-01 14:50:00,2023-01-01,14:50:00,Sunday,January,2023,Mumbai,Koramangala,24.923495,93.438166,1422,46,883,49.68,BHEL,21.588297,89.425186,219.87,148.15,96.77,176.17,10.98,Diesel,9,Cloudy,39.9,75,12.9,7.6,3.3,104.84
2023-01-01 15:00:00,2023-01-01,15:00:00,Sunday,January,2023,Delhi,MG Road,28.262304,84.832165,1572,54,934,28.94,Reliance Industries,19.980096,78.577035,174.04,662.45,75.25,31.44,41.43,Electric,6,Cloudy,24.1,56,13.9,5.0,10.1,128.21
2023-01-01 15:10:00,2023-01-01,15:10:00,Sunday,January,2023,Delhi,Koramangala,24.526495,83.817831,579,54,722,38.95,Tata Steel,19.121085,90.876185,155.37,649.84,61.85,119.72,39.76,Diesel,13,Rainy,37.5,83,8.3,3.7,0.9,131.88
2023-01-01 15:20:00,2023-01-01,15:20:00,Sunday,January,2023,Chennai,Koramangala,22.728092,84.23425,1115,23,1495,20.5,BHEL,24.286437,78.055955,237.35,189.53,43.88,153.34,26.31,Natural Gas,15,Cloudy,36.1,53,13.4,9.7,8.4,100.38
2023-01-01 15:30:00,2023-01-01,15:30:00,Sunday,January,2023,Mumbai,Salt Lake,16.712879,80.495723,1424,25,1444,25.24,Indian Oil,18.739712,85.76711,135.72,261.08,70.63,124.56,44.31,Natural Gas,24,Cloudy,29.6,71,9.5,9.2,3.2,90.19
2023-01-01 15:40:00,2023-01-01,15:40:00,Sunday,January,2023,Mumbai,MG Road,24.626004,89.697323,1972,35,1212,32.2,Reliance Industries,21.173056,76.547288,194.73,269.84,51.96,133.26,18.88,Diesel,22,Foggy,29.3,80,16.4,3.9,3.0,97.4
2023-01-01 15:50:00,2023-01-01,15:50:00,Sunday,January,2023,Bangalore,Salt Lake,13.617733,91.530217,1618,29,516,16.73,JSW Steel,22.633143,79.933983,118.59,297.92,44.19,168.34,27.47,Diesel,14,Foggy,39.3,81,11.9,7.6,5.3,89.79
2023-01-01 16:00:00,2023-01-01,16:00:00,Sunday,January,2023,Mumbai,Nungambakkam,20.566566,92.41222,1210,23,1036,6.52,Tata Steel,25.561505,84.696095,393.95,347.44,85.83,53.97,36.82,Coal,12,Foggy,27.5,89,14.6,9.4,13.7,145.28
2023-01-01 16:10:00,2023-01-01,16:10:00,Sunday,January,2023,Kolkata,MG Road,13.003814,86.312447,124,21,1042,37.5,JSW Steel,25.819835,72.325709,415.92,504.42,82.56,182.86,9.82,Coal,22,Cloudy,24.8,89,12.9,8.3,4.0,174.37
2023-01-01 16:20:00,2023-01-01,16:20:00,Sunday,January,2023,Kolkata,MG Road,18.75691,83.880658,1257,35,1213,15.16,Tata Steel,23.229886,88.306164,391.81,156.1,44.13,115.01,7.53,Coal,11,Clear,30.0,77,14.7,4.0,14.7,121.05
2023-01-01 16:30:00,2023-01-01,16:30:00,Sunday,January,2023,Delhi,Nungambakkam,27.33069,80.937101,1945,56,986,17.2,Tata Steel,23.47543,77.327087,294.36,494.87,26.14,171.58,5.7,Natural Gas,24,Cloudy,35.0,75,18.9,3.7,8.5,138.31
2023-01-01 16:40:00,2023-01-01,16:40:00,Sunday,January,2023,Chennai,Salt Lake,23.529449,86.127393,886,28,1309,49.48,Tata Steel,22.006343,90.512143,74.16,362.25,85.48,74.71,39.61,Electric,16,Clear,32.7,78,12.4,4.2,14.1,86.13
2023-01-01 16:50:00,2023-01-01,16:50:00,Sunday,January,2023,Kolkata,Koramangala,23.571209,88.133221,275,59,802,40.91,Tata Steel,18.656304,74.930198,370.25,480.34,76.57,70.17,9.79,Coal,15,Foggy,27.2,67,6.5,1.8,6.5,150.83
2023-01-01 17:00:00,2023-01-01,17:00:00,Sunday,January,2023,Chennai,Nungambakkam,20.945321,78.824992,283,42,1067,9.19,JSW Steel,24.27551,88.410645,55.55,348.29,80.13,147.72,30.18,Natural Gas,24,Cloudy,33.7,60,7.1,3.7,7.4,86.5
2023-01-01 17:10:00,2023-01-01,17:10:00,Sunday,January,2023,Delhi,Koramangala,19.724417,84.132409,1091,24,869,16.33,Reliance Industries,23.767196,81.420246,327.5,374.72,22.19,11.29,22.81,Electric,16,Foggy,26.7,88,7.0,3.9,14.2,116.16
2023-01-01 17:20:00,2023-01-01,17:20:00,Sunday,January,2023,Mumbai,Salt Lake,17.832678,93.208396,753,38,1252,36.27,BHEL,25.742105,86.857513,196.65,268.18,80.73,79.35,46.94,Natural Gas,24,Cloudy,33.6,85,5.4,7.5,14.1,101.64
2023-01-01 17:30:00,2023-01-01,17:30:00,Sunday,January,2023,Mumbai,Salt Lake,25.423663,90.982406,241,46,1189,27.47,Indian Oil,19.936169,84.514596,371.86,573.45,16.66,198.23,26.57,Electric,23,Foggy,30.9,73,15.5,8.3,8.9,163.71
2023-01-01 17:40:00,2023-01-01,17:40:00,Sunday,January,2023,Delhi,MG Road,24.972579,88.081947,827,30,1162,32.57,JSW Steel,25.868866,84.871966,229.83,551.61,96.91,91.79,5.47,Diesel,13,Cloudy,28.9,75,11.9,7.1,10.4,136.02
2023-01-01 17:50:00,2023-01-01,17:50:00,Sunday,January,2023,Mumbai,Andheri East,28.563933,85.162277,705,46,1442,48.28,Tata Steel,24.650542,85.872864,206.75,305.84,80.58,109.01,20.67,Coal,20,Foggy,26.4,69,5.7,7.4,0.3,106.3
2023-01-01 18:00:00,2023-01-01,18:00:00,Sunday,January,2023,Bangalore,MG Road,23.531088,79.844713,1616,35,1028,12.85,Reliance Industries,20.647917,80.101018,257.92,578.65,66.68,45.41,34.58,Electric,6,Cloudy,29.0,77,10.8,7.3,3.1,136.58
2023-01-01 18:10:00,2023-01-01,18:10:00,Sunday,January,2023,Delhi,Nungambakkam,14.497507,91.662055,482,43,833,13.87,Tata Steel,20.098827,88.390094,287.47,483.47,63.73,126.15,31.42,Diesel,17,Foggy,32.3,69,18.8,6.3,10.1,140.8
2023-01-01 18:20:00,2023-01-01,18:20:00,Sunday,January,2023,Bangalore,MG Road,16.645592,79.053047,864,29,1023,22.48,JSW Steel,19.102938,79.290489,133.59,481.3,72.41,132.6,50.0,Natural Gas,21,Rainy,22.8,70,17.6,6.6,13.0,112.15
2023-01-01 18:30:00,2023-01-01,18:30:00,Sunday,January,2023,Delhi,Salt Lake,15.043595,90.714106,1250,52,1168,27.27,BHEL,21.325043,87.957944,269.91,149.6,12.78,154.6,18.14,Diesel,13,Rainy,23.4,79,13.5,8.0,7.4,93.45
2023-01-01 18:40:00,2023-01-01,18:40:00,Sunday,January,2023,Chennai,MG Road,21.891611,81.573745,1212,43,1055,42.02,Tata Steel,24.080033,80.385965,148.34,355.09,76.24,134.2,16.14,Coal,20,Rainy,27.0,55,11.6,9.9,11.6,100.86
2023-01-01 18:50:00,2023-01-01,18:50:00,Sunday,January,2023,Mumbai,Koramangala,25.628033,86.918329,818,59,1147,24.27,JSW Steel,19.11388,75.925773,143.12,135.61,41.57,63.41,29.24,Diesel,15,Rainy,31.5,82,19.8,7.1,1.4,66.06
2023-01-01 19:00:00,2023-01-01,19:00:00,Sunday,January,2023,Kolkata,MG Road,28.482034,91.579695,359,28,755,11.58,Indian Oil,24.627854,86.467998,354.31,393.68,61.97,61.06,23.64,Electric,8,Clear,28.1,67,15.4,8.9,6.8,136.71
2023-01-01 19:10:00,2023-01-01,19:10:00,Sunday,January,2023,Kolkata,Andheri East,22.036702,91.61076,1834,25,1248,48.75,Indian Oil,24.80085,87.117881,228.97,680.88,84.24,104.0,19.53,Diesel,16,Cloudy,31.3,81,16.8,9.0,11.4,149.34
2023-01-01 19:20:00,2023-01-01,19:20:00,Sunday,January,2023,Delhi,MG Road,22.731018,91.072926,133,27,1451,43.59,BHEL,21.652145,90.844927,242.51,697.42,91.85,177.61,18.58,Diesel,8,Rainy,25.0,73,15.0,6.8,0.8,161.23
2023-01-01 19:30:00,2023-01-01,19:30:00,Sunday,January,2023,Bangalore,Koramangala,19.638926,78.623026,294,20,718,26.46,Reliance Industries,22.749436,81.869441,250.28,104.84,40.92,32.91,43.72,Natural Gas,21,Clear,24.6,55,16.0,1.9,4.7,81.31
2023-01-01 19:40:00,2023-01-01,19:40:00,Sunday,January,2023,Bangalore,Koramangala,18.90872,90.683244,1890,28,1156,49.68,Reliance Industries,18.547293,82.702533,324.64,198.47,41.61,50.48,38.67,Electric,20,Cloudy,21.7,56,7.1,2.1,11.0,106.35
2023-01-01 19:50:00,2023-01-01,19:50:00,Sunday,January,2023,Bangalore,Salt Lake,17.837708,79.435164,667,25,754,29.9,JSW Steel,23.769437,77.413495,473.58,116.09,86.24,176.41,14.25,Natural Gas,18,Rainy,32.9,65,12.4,2.0,7.5,149.22
2023-01-01 20:00:00,2023-01-01,20:00:00,Sunday,January,2023,Chennai,MG Road,21.194098,93.427539,839,40,635,22.41,JSW Steel,21.366908,82.380768,127.75,382.61,98.86,23.87,31.43,Coal,14,Cloudy,20.8,53,19.2,4.6,4.3,93.27
2023-01-01 20:10:00,2023-01-01,20:10:00,Sunday,January,2023,Chennai,Salt Lake,19.550131,83.818033,1411,54,1050,32.72,Indian Oil,18.668777,73.50141,464.42,684.59,23.98,72.08,31.39,Coal,15,Foggy,34.6,65,5.9,1.8,6.5,183.41
2023-01-01 20:20:00,2023-01-01,20:20:00,Sunday,January,2023,Kolkata,Nungambakkam,22.458669,82.265144,1618,31,622,5.57,Reliance Industries,23.611997,75.11282,478.86,413.8,80.47,146.95,12.51,Natural Gas,14,Clear,35.4,51,10.0,4.9,7.9,176.27
2023-01-01 20:30:00,2023-01-01,20:30:00,Sunday,January,2023,Bangalore,Nungambakkam,22.752265,85.385664,1146,43,556,27.48,JSW Steel,19.335051,74.98889,398.0,636.56,70.67,31.91,38.34,Coal,7,Clear,24.9,80,10.5,9.3,2.7,169.39
2023-01-01 20:40:00,2023-01-01,20:40:00,Sunday,January,2023,Delhi,Nungambakkam,25.508913,89.024147,1442,46,729,19.48,BHEL,25.326838,78.078768,421.7,442.92,20.75,137.93,7.37,Natural Gas,22,Clear,39.1,54,18.2,8.8,11.6,155.13
2023-01-01 20:50:00,2023-01-01,20:50:00,Sunday,January,2023,Bangalore,Andheri East,14.256253,84.727661,855,32,798,30.37,Indian Oil,23.916608,76.609096,215.72,683.11,99.8,157.42,37.96,Natural Gas,10,Clear,38.6,51,8.5,4.1,12.6,158.67
2023-01-01 21:00:00,2023-01-01,21:00:00,Sunday,January,2023,Delhi,Andheri East,12.922954,88.076974,1838,39,606,14.23,Reliance Industries,21.358527,90.262516,487.65,185.42,35.18,18.34,15.42,Electric,17,Foggy,39.5,55,13.7,5.5,9.6,134.38
2023-01-01 21:10:00,2023-01-01,21:10:00,Sunday,January,2023,Kolkata,MG Road,22.192763,78.140124,1456,28,742,18.13,Indian Oil,25.408336,79.466101,424.35,295.75,50.75,54.39,47.46,Natural Gas,24,Clear,23.1,60,11.7,3.8,1.8,139.4
2023-01-01 21:20:00,2023-01-01,21:20:00,Sunday,January,2023,Bangalore,Koramangala,19.995098,84.837888,1845,27,592,12.09,Indian Oil,24.611094,85.240682,68.15,601.55,39.5,27.33,16.17,Diesel,18,Clear,33.5,66,17.3,2.6,14.3,92.74
2023-01-01 21:30:00,2023-01-01,21:30:00,Sunday,January,2023,Kolkata,Nungambakkam,24.644832,81.272539,1046,26,1323,40.72,Tata Steel,18.095655,87.777074,492.16,178.43,84.13,80.73,33.36,Coal,24,Rainy,38.3,54,5.3,1.6,13.5,152.17
2023-01-01 21:40:00,2023-01-01,21:40:00,Sunday,January,2023,Kolkata,Koramangala,14.344065,91.2495,1756,41,625,6.92,BHEL,18.405102,89.558503,244.92,534.66,54.65,82.72,24.2,Diesel,12,Cloudy,25.5,78,18.3,1.3,9.3,129.17
2023-01-01 21:50:00,2023-01-01,21:50:00,Sunday,January,2023,Mumbai,Andheri East,20.732598,91.842402,1081,23,589,17.59,Reliance Industries,21.353879,84.210398,408.74,249.49,99.47,113.29,5.88,Electric,17,Foggy,30.9,81,10.2,6.1,4.8,144.69
2023-01-01 22:00:00,2023-01-01,22:00:00,Sunday,January,2023,Bangalore,Koramangala,13.309189,87.071843,160,37,559,41.39,BHEL,22.235458,86.570001,499.82,684.39,19.01,134.8,16.99,Coal,13,Foggy,27.1,61,7.6,6.3,12.1,192.8
2023-01-01 22:10:00,2023-01-01,22:10:00,Sunday,January,2023,Bangalore,Nungambakkam,13.342843,88.799365,1262,56,645,30.34,Reliance Industries,24.693575,87.397622,486.67,425.27,25.8,17.21,7.53,Natural Gas,6,Foggy,20.0,89,8.0,2.2,10.8,151.5
2023-01-01 22:20:00,2023-01-01,22:20:00,Sunday,January,2023,Bangalore,MG Road,13.244032,86.896373,1978,29,1292,9.99,JSW Steel,24.885356,90.250616,218.12,665.15,45.6,29.2,18.58,Natural Gas,11,Foggy,35.8,81,14.7,2.6,14.5,131.2
2023-01-01 22:30:00,2023-01-01,22:30:00,Sunday,January,2023,Chennai,Andheri East,16.404824,86.935468,459,44,814,38.03,Indian Oil,19.018787,85.847788,476.95,669.22,45.24,198.91,48.43,Coal,11,Rainy,38.4,89,8.3,6.1,14.1,203.77
2023-01-01 22:40:00,2023-01-01,22:40:00,Sunday,January,2023,Mumbai,Andheri East,24.60189,81.074532,754,30,1151,44.84,Tata Steel,24.573294,84.730467,378.18,301.45,11.03,49.84,36.19,Diesel,14,Clear,34.4,53,10.8,7.6,14.5,123.47
2023-01-01 22:50:00,2023-01-01,22:50:00,Sunday,January,2023,Kolkata,Salt Lake,26.743799,82.965561,868,26,1348,26.58,JSW Steel,23.207757,85.056048,123.2,144.23,86.12,66.03,19.34,Coal,8,Rainy,23.4,74,7.4,1.7,14.1,69.5
2023-01-01 23:00:00,2023-01-01,23:00:00,Sunday,January,2023,Delhi,Andheri East,22.22628,87.347867,1088,21,941,47.41,Reliance Industries,22.858541,80.249807,74.1,298.66,97.7,87.76,29.94,Diesel,15,Rainy,24.8,53,10.9,5.9,7.4,80.96
2023-01-01 23:10:00,2023-01-01,23:10:00,Sunday,January,2023,Delhi,Andheri East,12.959904,78.563394,1787,60,1114,26.61,Tata Steel,18.205886,75.245812,181.32,149.16,85.94,68.59,22.89,Electric,14,Clear,32.8,74,7.8,9.0,5.5,84.08
2023-01-01 23:20:00,2023-01-01,23:20:00,Sunday,January,2023,Kolkata,MG Road,17.033747,84.866468,563,37,1077,7.77,Tata Steel,18.685658,78.532036,293.65,682.42,63.08,115.18,42.84,Electric,23,Foggy,31.5,65,12.1,1.7,13.5,161.69
2023-01-01 23:30:00,2023-01-01,23:30:00,Sunday,January,2023,Delhi,Nungambakkam,21.868153,85.730851,1270,59,650,10.41,BHEL,19.383032,90.702992,487.47,585.08,21.36,90.44,49.47,Electric,12,Cloudy,36.7,66,9.8,7.5,12.1,181.61
2023-01-01 23:40:00,2023-01-01,23:40:00,Sunday,January,2023,Delhi,Salt Lake,21.634918,86.319305,1854,37,1032,25.62,Tata Steel,24.292405,83.838101,285.15,351.76,47.3,38.16,31.46,Coal,9,Clear,35.7,84,18.2,8.9,4.0,115.77
2023-01-01 23:50:00,2023-01-01,23:50:00,Sunday,January,2023,Kolkata,Nungambakkam,22.460706,77.725677,664,45,647,32.82,BHEL,18.31026,88.90191,199.17,242.55,77.12,184.96,45.37,Coal,16,Rainy,26.2,81,17.9,7.2,14.6,107.79
2023-01-02 00:00:00,2023-01-02,00:00:00,Monday,January,2023,Mumbai,Koramangala,17.617543,89.520185,1685,40,775,37.8,JSW Steel,23.164438,75.570778,145.13,594.38,76.69,154.3,44.02,Coal,22,Cloudy,21.3,82,11.1,8.0,7.9,127.89
2023-01-02 00:10:00,2023-01-02,00:10:00,Monday,January,2023,Chennai,MG Road,15.627676,91.715515,511,23,755,6.49,Tata Steel,25.344249,85.388045,173.29,594.1,55.46,130.73,10.57,Coal,13,Rainy,29.8,78,7.7,8.8,8.8,125.25
2023-01-02 00:20:00,2023-01-02,00:20:00,Monday,January,2023,Bangalore,Andheri East,15.467164,92.038015,1633,25,791,6.24,Tata Steel,19.303259,82.872903,484.21,614.27,68.26,138.76,17.11,Electric,22,Clear,37.3,50,12.1,2.2,2.6,194.97
2023-01-02 00:30:00,2023-01-02,00:30:00,Monday,January,2023,Delhi,Koramangala,16.86253,90.544929,725,37,933,45.3,Indian Oil,21.671984,76.145972,185.97,412.38,66.12,121.05,5.33,Diesel,23,Rainy,26.0,56,12.2,4.0,4.1,109.49
2023-01-02 00:40:00,2023-01-02,00:40:00,Monday,January,2023,Bangalore,Andheri East,17.000006,88.975266,1927,39,692,11.75,Reliance Industries,25.197496,87.303167,411.06,460.02,69.45,139.34,37.46,Electric,15,Rainy,38.1,75,10.8,1.3,10.6,167.4
2023-01-02 00:50:00,2023-01-02,00:50:00,Monday,January,2023,Chennai,Koramangala,18.287723,89.013267,1505,54,1153,40.32,Indian Oil,22.058519,88.062966,428.29,625.9,26.3,28.54,10.76,Diesel,23,Cloudy,38.9,71,14.8,3.0,3.3,165.22
2023-01-02 01:00:00,2023-01-02,01:00:00,Monday,January,2023,Bangalore,Salt Lake,25.27302,82.632996,633,57,801,25.87,Tata Steel,21.764293,88.461474,312.61,666.58,16.41,178.99,27.52,Electric,22,Rainy,28.3,59,7.1,2.8,6.1,158.77
2023-01-02 01:10:00,2023-01-02,01:10:00,Monday,January,2023,Chennai,Salt Lake,15.148619,91.501979,469,25,999,19.97,Reliance Industries,20.507313,73.102258,253.42,225.63,79.62,119.49,12.13,Coal,10,Foggy,32.7,75,11.4,5.3,0.1,108.87
2023-01-02 01:20:00,2023-01-02,01:20:00,Monday,January,2023,Chennai,Koramangala,24.371347,92.966146,1926,40,1275,42.5,Reliance Industries,18.143329,72.078353,380.12,235.76,88.93,69.3,9.62,Diesel,11,Clear,36.5,69,19.2,5.1,7.8,132.58
2023-01-02 01:30:00,2023-01-02,01:30:00,Monday,January,2023,Chennai,Andheri East,19.708544,88.569229,374,41,1423,27.06,Reliance Industries,19.319068,89.23099,415.4,111.47,30.19,197.13,14.5,Coal,24,Cloudy,22.5,52,10.6,6.8,11.6,125.93
2023-01-02 01:40:00,2023-01-02,01:40:00,Monday,January,2023,Chennai,MG Road,22.224608,77.900938,321,21,549,36.04,BHEL,21.554514,74.348306,163.73,521.12,28.49,140.29,5.42,Electric,9,Rainy,32.5,58,11.3,9.1,7.7,111.63
2023-01-02 01:50:00,2023-01-02,01:50:00,Monday,January,2023,Chennai,MG Road,17.338496,90.205493,1119,32,1123,13.99,Indian Oil,24.651991,90.489275,211.06,345.85,24.43,114.15,45.97,Electric,16,Cloudy,20.1,55,18.6,8.5,10.0,101.71
2023-01-02 02:00:00,2023-01-02,02:00:00,Monday,January,2023,Mumbai,MG Road,25.138562,78.353305,1581,26,1426,16.52,Reliance Industries,21.65401,90.568528,168.86,130.05,83.19,176.09,43.35,Diesel,16,Foggy,34.8,56,17.8,9.0,0.1,92.32
2023-01-02 02:10:00,2023-01-02,02:10:00,Monday,January,2023,Mumbai,Koramangala,18.059975,92.038611,1373,37,1399,37.99,Indian Oil,24.519714,75.474519,230.35,677.39,34.46,83.29,43.28,Electric,11,Clear,22.7,53,19.7,8.6,1.6,137.9
2023-01-02 02:20:00,2023-01-02,02:20:00,Monday,January,2023,Chennai,Salt Lake,25.495557,88.429165,471,59,888,40.06,JSW Steel,18.23053,85.004819,427.34,684.07,21.76,184.88,10.08,Electric,20,Clear,21.3,70,5.2,8.8,7.9,181.98
2023-01-02 02:30:00,2023-01-02,02:30:00,Monday,January,2023,Chennai,Nungambakkam,16.416563,93.061216,1888,41,1031,28.54,JSW Steel,18.761937,84.572552,161.86,307.45,70.87,83.13,42.76,Coal,6,Cloudy,30.1,80,17.8,8.8,1.1,95.9
2023-01-02 02:40:00,2023-01-02,02:40:00,Monday,January,2023,Kolkata,Andheri East,16.682002,93.301422,203,52,728,29.77,BHEL,21.226216,76.465,256.59,580.76,50.33,172.75,25.12,Coal,21,Clear,22.1,76,5.5,5.9,12.4,143.67
2023-01-02 02:50:00,2023-01-02,02:50:00,Monday,January,2023,Chennai,Nungambakkam,22.909349,91.964852,1251,33,1170,35.22,Indian Oil,20.90674,73.031229,150.31,372.68,60.41,127.75,26.29,Diesel,20,Clear,21.9,64,5.0,4.2,9.5,99.2
2023-01-02 03:00:00,2023-01-02,03:00:00,Monday,January,2023,Bangalore,Nungambakkam,21.095166,88.825004,193,30,1004,11.32,BHEL,18.855692,83.606184,134.39,658.13,45.36,96.84,40.16,Diesel,9,Foggy,20.9,90,17.6,6.3,11.6,119.64
2023-01-02 03:10:00,2023-01-02,03:10:00,Monday,January,2023,Kolkata,Salt Lake,23.23777,93.068378,375,51,504,28.87,Tata Steel,22.425811,80.223397,313.3,654.62,80.3,182.93,36.13,Natural Gas,10,Clear,27.7,88,14.1,3.9,13.2,171.63
2023-01-02 03:20:00,2023-01-02,03:20:00,Monday,January,2023,Kolkata,Nungambakkam,27.279791,89.831657,660,45,1486,20.43,Indian Oil,21.622766,74.534065,235.74,520.01,77.36,66.79,36.57,Diesel,23,Cloudy,24.0,89,15.7,7.2,13.8,129.76
2023-01-02 03:30:00,2023-01-02,03:30:00,Monday,January,2023,Mumbai,Koramangala,20.811127,88.69501,760,27,1279,20.85,BHEL,22.66245,89.910799,369.56,504.55,90.45,111.44,44.49,Electric,6,Clear,20.5,59,5.8,1.5,4.0,162.15
2023-01-02 03:40:00,2023-01-02,03:40:00,Monday,January,2023,Mumbai,Andheri East,23.629228,79.545354,227,38,708,38.91,Tata Steel,20.869459,80.599296,327.25,505.32,60.57,52.62,34.12,Electric,13,Rainy,33.9,53,18.9,4.5,14.4,143.55
2023-01-02 03:50:00,2023-01-02,03:50:00,Monday,January,2023,Bangalore,Nungambakkam,13.744694,89.519288,515,59,1389,40.14,BHEL,24.639868,89.318241,367.08,488.58,77.96,113.86,32.15,Natural Gas,15,Foggy,23.5,54,7.8,2.6,7.7,157.17
2023-01-02 04:00:00,2023-01-02,04:00:00,Monday,January,2023,Kolkata,MG Road,19.627573,86.395197,366,30,1098,43.07,Tata Steel,20.644502,85.484097,119.66,192.22,39.04,19.66,46.96,Diesel,21,Rainy,21.5,70,12.9,9.6,7.8,61.92
2023-01-02 04:10:00,2023-01-02,04:10:00,Monday,January,2023,Chennai,Koramangala,19.430121,86.0685,288,42,726,44.75,Indian Oil,20.648532,77.577913,477.64,470.97,52.74,116.65,38.85,Coal,9,Rainy,28.9,89,18.8,3.2,0.6,174.5
2023-01-02 04:20:00,2023-01-02,04:20:00,Monday,January,2023,Bangalore,Salt Lake,27.280139,92.881294,890,36,1053,37.58,Tata Steel,25.290687,87.620072,218.73,581.69,50.1,18.33,45.42,Natural Gas,16,Clear,39.0,60,19.6,8.0,8.0,126.11
2023-01-02 04:30:00,2023-01-02,04:30:00,Monday,January,2023,Delhi,Koramangala,23.424261,90.018824,1871,47,1355,9.68,JSW Steel,24.629989,88.694107,383.62,361.14,83.51,23.7,35.87,Coal,20,Rainy,20.8,54,5.8,8.1,8.4,139.66
2023-01-02 04:40:00,2023-01-02,04:40:00,Monday,January,2023,Chennai,Koramangala,27.202489,83.907467,1023,60,914,24.49,Tata Steel,21.116015,74.247809,52.65,532.17,15.69,151.73,7.05,Coal,17,Clear,25.8,69,14.1,3.5,13.9,87.92
2023-01-02 04:50:00,2023-01-02,04:50:00,Monday,January,2023,Kolkata,Salt Lake,25.807321,77.61468,420,54,725,11.14,BHEL,24.374163,88.139881,182.74,480.43,36.83,178.53,48.44,Diesel,6,Cloudy,22.5,50,13.6,4.5,8.2,119.15
2023-01-02 05:00:00,2023-01-02,05:00:00,Monday,January,2023,Delhi,Andheri East,16.19783,89.481889,1586,42,716,23.57,JSW Steel,19.139641,75.495862,327.6,251.65,20.32,137.49,30.53,Coal,23,Foggy,32.9,54,9.4,1.6,1.5,118.13
2023-01-02 05:10:00,2023-01-02,05:10:00,Monday,January,2023,Chennai,Salt Lake,27.839177,83.064211,1474,35,602,17.83,Tata Steel,25.200949,78.037933,252.79,469.81,37.51,120.99,30.45,Diesel,16,Foggy,23.4,70,8.7,3.0,11.1,124.87
2023-01-02 05:20:00,2023-01-02,05:20:00,Monday,January,2023,Kolkata,Andheri East,26.089728,79.342907,1601,41,1398,26.6,BHEL,20.869933,77.803964,298.25,205.46,64.6,169.94,43.64,Natural Gas,23,Cloudy,25.3,90,6.1,1.7,0.3,119.53
2023-01-02 05:30:00,2023-01-02,05:30:00,Monday,January,2023,Chennai,MG Road,25.658486,86.767643,1675,57,717,45.78,JSW Steel,20.084931,88.985733,292.85,492.34,23.38,84.57,45.11,Diesel,10,Foggy,30.0,55,11.0,5.5,9.9,131.45
2023-01-02 05:40:00,2023-01-02,05:40:00,Monday,January,2023,Chennai,Koramangala,24.788135,79.444191,426,31,1079,47.69,Reliance Industries,23.887358,81.186565,211.46,231.29,53.89,21.94,21.62,Coal,12,Rainy,27.8,79,18.2,1.4,9.7,86.12
2023-01-02 05:50:00,2023-01-02,05:50:00,Monday,January,2023,Delhi,Nungambakkam,22.847002,81.667372,1619,36,1092,29.5,Reliance Industries,21.013277,79.191852,314.46,638.94,17.01,57.8,48.77,Natural Gas,22,Foggy,27.1,72,12.3,5.3,9.1,146.26
2023-01-02 06:00:00,2023-01-02,06:00:00,Monday,January,2023,Chennai,Koramangala,19.80641,80.940846,1153,37,716,11.76,Reliance Industries,20.897784,85.628751,103.25,238.21,83.01,146.85,26.67,Electric,21,Cloudy,31.8,76,5.3,1.4,8.6,84.79
2023-01-02 06:10:00,2023-01-02,06:10:00,Monday,January,2023,Mumbai,Koramangala,22.783785,77.754487,1272,29,557,12.49,Reliance Industries,22.133126,79.70367,486.16,482.57,89.07,148.32,41.96,Coal,12,Foggy,32.1,80,18.0,2.5,12.5,188.75
2023-01-02 06:20:00,2023-01-02,06:20:00,Monday,January,2023,Chennai,Koramangala,25.375472,90.801568,472,59,1175,27.99,Reliance Industries,23.793494,78.510754,254.06,454.36,30.68,83.24,9.89,Natural Gas,22,Foggy,36.5,88,6.4,5.3,9.2,119.0
2023-01-02 06:30:00,2023-01-02,06:30:00,Monday,January,2023,Delhi,Nungambakkam,20.802269,79.062524,1087,28,1423,32.16,Tata Steel,25.175752,86.722538,342.15,413.23,43.33,18.25,28.84,Natural Gas,21,Foggy,27.0,86,6.5,2.2,7.2,128.53
2023-01-02 06:40:00,2023-01-02,06:40:00,Monday,January,2023,Mumbai,MG Road,17.347287,91.741997,936,36,693,5.25,Tata Steel,22.623897,74.238743,53.24,492.73,71.9,70.02,21.3,Natural Gas,19,Rainy,25.2,84,11.4,4.3,4.1,88.47
2023-01-02 06:50:00,2023-01-02,06:50:00,Monday,January,2023,Kolkata,Koramangala,19.387682,90.189267,1088,31,879,30.16,BHEL,20.030221,77.826409,204.96,523.3,76.22,172.45,34.67,Natural Gas,20,Cloudy,22.0,82,11.0,4.0,8.3,133.68
2023-01-02 07:00:00,2023-01-02,07:00:00,Monday,January,2023,Delhi,Koramangala,19.008928,87.71914,1747,25,1343,11.54,JSW Steel,21.483019,73.217529,149.8,148.02,13.4,83.02,49.3,Diesel,7,Cloudy,32.8,78,5.2,8.7,14.0,67.23
2023-01-02 07:10:00,2023-01-02,07:10:00,Monday,January,2023,Chennai,Andheri East,15.95752,90.192123,1145,53,1215,15.43,Reliance Industries,23.392195,78.83506,344.76,685.39,17.82,62.43,22.97,Electric,18,Cloudy,30.4,54,18.8,5.9,10.9,155.67
2023-01-02 07:20:00,2023-01-02,07:20:00,Monday,January,2023,Chennai,Nungambakkam,18.365095,93.186904,666,34,1120,48.34,BHEL,25.437711,82.923228,167.5,344.28,19.58,23.75,18.24,Coal,22,Rainy,37.5,86,8.8,5.0,5.7,83.54
2023-01-02 07:30:00,2023-01-02,07:30:00,Monday,January,2023,Kolkata,Koramangala,24.792331,93.152687,1039,49,1418,31.41,Tata Steel,21.855761,76.898576,222.2,573.19,29.83,143.22,41.01,Electric,17,Clear,34.0,66,8.7,1.8,10.1,132.95
2023-01-02 07:40:00,2023-01-02,07:40:00,Monday,January,2023,Bangalore,MG Road,21.606459,80.080712,742,42,723,45.24,Indian Oil,19.462276,86.176969,468.61,214.1,76.34,54.62,15.89,Diesel,12,Cloudy,24.1,65,17.5,4.2,11.7,142.27
2023-01-02 07:50:00,2023-01-02,07:50:00,Monday,January,2023,Delhi,MG Road,23.51025,88.179182,1357,20,1282,43.57,Tata Steel,24.784085,79.052734,191.94,638.87,89.29,119.16,17.36,Natural Gas,22,Rainy,28.0,86,6.9,5.7,6.3,139.38
2023-01-02 08:00:00,2023-01-02,08:00:00,Monday,January,2023,Chennai,MG Road,20.788861,83.675073,1505,31,968,48.94,JSW Steel,21.680565,85.095,55.32,226.45,62.29,71.83,32.58,Diesel,11,Rainy,24.7,80,19.4,4.1,2.8,61.55
2023-01-02 08:10:00,2023-01-02,08:10:00,Monday,January,2023,Kolkata,Koramangala,19.479759,89.661669,847,45,786,25.28,JSW Steel,19.049113,82.941962,152.86,159.92,34.3,54.8,24.45,Electric,12,Cloudy,36.0,59,12.1,1.1,6.3,68.55
2023-01-02 08:20:00,2023-01-02,08:20:00,Monday,January,2023,Mumbai,Nungambakkam,21.283527,82.372645,1096,39,756,30.3,JSW Steel,18.381674,73.880521,123.5,229.28,32.89,169.4,9.33,Diesel,14,Rainy,27.2,85,19.0,3.3,0.3,77.52
2023-01-02 08:30:00,2023-01-02,08:30:00,Monday,January,2023,Delhi,Andheri East,26.517687,93.184047,507,56,1089,34.24,JSW Steel,19.396311,86.825873,209.8,503.92,53.87,149.94,45.03,Electric,15,Foggy,32.6,59,18.0,6.8,13.9,129.14
2023-01-02 08:40:00,2023-01-02,08:40:00,Monday,January,2023,Kolkata,Nungambakkam,21.87471,91.276643,246,25,665,20.46,Indian Oil,20.535026,77.535771,170.36,486.79,34.41,94.53,43.83,Diesel,24,Foggy,28.3,61,17.8,2.1,3.5,109.13
2023-01-02 08:50:00,2023-01-02,08:50:00,Monday,January,2023,Bangalore,MG Road,16.205972,83.730661,295,24,1459,44.54,JSW Steel,18.430604,86.64774,285.79,697.61,19.35,127.44,8.79,Electric,15,Cloudy,24.9,68,11.6,2.1,7.9,149.39
2023-01-02 09:00:00,2023-01-02,09:00:00,Monday,January,2023,Mumbai,MG Road,13.451933,83.059249,1974,40,1384,26.43,JSW Steel,25.478861,82.42236,110.8,669.09,58.54,122.26,25.54,Electric,22,Rainy,38.2,80,13.1,8.2,6.6,123.2
2023-01-02 09:10:00,2023-01-02,09:10:00,Monday,January,2023,Bangalore,Salt Lake,16.978971,82.169668,100,53,1334,39.12,Reliance Industries,20.751079,80.914761,53.74,653.25,95.23,100.64,5.41,Electric,15,Cloudy,35.9,85,10.6,4.7,8.4,112.9
2023-01-02 09:20:00,2023-01-02,09:20:00,Monday,January,2023,Kolkata,Koramangala,15.463331,89.409868,898,44,725,16.83,BHEL,23.002584,81.815591,409.98,467.93,72.45,61.65,34.18,Diesel,19,Cloudy,37.1,61,7.0,2.0,6.8,160.28
2023-01-02 09:30:00,2023-01-02,09:30:00,Monday,January,2023,Kolkata,Andheri East,23.89742,85.316333,756,21,655,7.23,JSW Steel,18.177047,90.474319,176.95,175.02,49.46,11.56,9.06,Coal,21,Cloudy,26.8,69,16.8,5.5,5.6,70.21
2023-01-02 09:40:00,2023-01-02,09:40:00,Monday,January,2023,Delhi,Andheri East,14.159503,89.634512,399,23,772,39.9,Tata Steel,22.345536,75.450471,453.06,250.05,44.34,12.4,48.86,Natural Gas,18,Foggy,24.9,52,8.0,7.6,1.4,135.59
2023-01-02 09:50:00,2023-01-02,09:50:00,Monday,January,2023,Mumbai,Salt Lake,19.00923,93.152272,761,30,1144,37.77,JSW Steel,22.16741,76.812942,337.33,219.23,89.88,174.09,14.8,Coal,13,Foggy,26.5,60,16.9,6.3,5.9,131.55
2023-01-02 10:00:00,2023-01-02,10:00:00,Monday,January,2023,Mumbai,MG Road,28.110708,86.803986,1514,50,1204,31.83,Indian Oil,24.166376,76.725723,274.96,511.57,40.46,194.23,39.18,Coal,7,Rainy,32.9,84,16.9,2.1,3.5,144.16
2023-01-02 10:10:00,2023-01-02,10:10:00,Monday,January,2023,Chennai,Andheri East,25.546748,84.426606,495,21,1205,22.0,Reliance Industries,20.00557,72.750282,367.98,435.41,58.85,103.12,30.5,Diesel,16,Foggy,25.5,88,18.7,6.0,1.0,147.37
2023-01-02 10:20:00,2023-01-02,10:20:00,Monday,January,2023,Mumbai,Salt Lake,17.542061,81.497933,851,49,500,39.92,JSW Steel,21.032349,75.525152,58.42,614.1,79.84,55.37,37.45,Electric,12,Foggy,35.3,59,14.2,3.9,9.6,105.4
2023-01-02 10:30:00,2023-01-02,10:30:00,Monday,January,2023,Delhi,MG Road,21.114248,78.213553,1810,28,682,44.31,Reliance Industries,18.856441,75.640716,64.32,485.05,44.97,103.08,33.08,Diesel,7,Rainy,24.4,54,5.2,9.3,9.8,88.86
2023-01-02 10:40:00,2023-01-02,10:40:00,Monday,January,2023,Delhi,Salt Lake,25.476013,78.113693,1242,46,1341,21.61,Tata Steel,24.589144,77.050497,68.29,142.23,37.35,189.47,48.23,Coal,9,Cloudy,30.6,62,7.9,6.9,8.6,65.24
2023-01-02 10:50:00,2023-01-02,10:50:00,Monday,January,2023,Mumbai,Nungambakkam,24.662351,84.033583,316,60,1090,21.11,BHEL,23.620403,80.114425,96.85,575.48,59.5,105.89,34.59,Electric,17,Rainy,31.0,70,17.7,4.7,9.5,109.07
2023-01-02 11:00:00,2023-01-02,11:00:00,Monday,January,2023,Bangalore,Nungambakkam,16.679344,86.211958,868,55,1448,38.51,Indian Oil,25.693214,80.502496,228.69,535.79,98.47,123.19,28.29,Diesel,6,Rainy,39.7,63,17.8,1.2,12.3,142.1
2023-01-02 11:10:00,2023-01-02,11:10:00,Monday,January,2023,Bangalore,Nungambakkam,20.926962,86.630159,1270,29,596,6.7,Indian Oil,19.248857,77.034775,450.33,249.91,33.06,67.06,30.67,Natural Gas,8,Rainy,35.9,61,12.3,9.1,10.5,138.62
2023-01-02 11:20:00,2023-01-02,11:20:00,Monday,January,2023,Delhi,Nungambakkam,22.983398,77.724106,1755,56,890,8.53,Tata Steel,25.374972,78.353403,445.91,360.58,93.72,32.9,39.67,Coal,18,Clear,26.1,52,9.8,6.1,4.9,156.46
2023-01-02 11:30:00,2023-01-02,11:30:00,Monday,January,2023,Mumbai,Koramangala,13.693161,89.317362,904,48,1270,31.78,JSW Steel,18.720664,80.206778,403.87,188.81,40.26,100.41,38.54,Electric,14,Clear,28.0,77,16.6,2.2,2.0,127.2
2023-01-02 11:40:00,2023-01-02,11:40:00,Monday,January,2023,Chennai,Koramangala,20.559419,87.992549,501,55,1130,49.87,JSW Steel,19.969967,73.361236,399.55,294.05,93.17,27.02,35.23,Electric,17,Rainy,23.8,72,13.9,1.2,4.6,138.93
2023-01-02 11:50:00,2023-01-02,11:50:00,Monday,January,2023,Bangalore,Nungambakkam,25.79887,90.506694,1376,29,951,7.02,Reliance Industries,19.597482,79.102595,390.98,611.66,20.11,20.36,47.7,Natural Gas,15,Clear,26.9,57,9.6,5.2,5.0,155.57
2023-01-02 12:00:00,2023-01-02,12:00:00,Monday,January,2023,Chennai,Koramangala,16.099681,85.83854,629,55,994,33.04,Reliance Industries,23.560569,84.696951,219.47,643.62,57.41,58.54,7.7,Natural Gas,14,Clear,29.3,50,6.0,6.9,9.9,132.22
2023-01-02 12:10:00,2023-01-02,12:10:00,Monday,January,2023,Bangalore,MG Road,13.19953,91.585754,1429,44,736,49.09,JSW Steel,25.812896,73.892471,191.96,620.06,57.84,45.42,27.53,Electric,23,Clear,20.8,83,9.6,5.4,11.2,123.42
2023-01-02 12:20:00,2023-01-02,12:20:00,Monday,January,2023,Delhi,Andheri East,23.643688,83.034815,719,35,1013,17.41,Tata Steel,23.006339,88.694868,450.68,588.92,12.65,115.44,17.61,Natural Gas,16,Foggy,33.1,55,15.9,5.7,10.2,171.48
2023-01-02 12:30:00,2023-01-02,12:30:00,Monday,January,2023,Mumbai,Salt Lake,16.673665,79.650911,739,58,837,25.21,Reliance Industries,19.654058,74.632954,293.61,580.06,87.63,68.71,36.73,Natural Gas,19,Cloudy,33.1,86,18.8,3.9,8.4,151.42
2023-01-02 12:40:00,2023-01-02,12:40:00,Monday,January,2023,Delhi,Koramangala,17.886282,91.789957,1589,21,1283,19.34,BHEL,25.689569,77.763614,385.52,593.02,67.32,150.28,11.84,Natural Gas,9,Cloudy,23.7,89,14.3,6.5,9.2,170.82
2023-01-02 12:50:00,2023-01-02,12:50:00,Monday,January,2023,Chennai,Koramangala,16.525324,77.535611,262,50,637,27.6,JSW Steel,21.750108,84.341803,132.79,332.48,52.65,41.12,15.18,Electric,6,Rainy,39.0,64,16.1,9.9,11.4,83.77
2023-01-02 13:00:00,2023-01-02,13:00:00,Monday,January,2023,Delhi,Koramangala,27.45552,93.559982,1875,59,1001,35.95,BHEL,25.100695,80.123558,399.3,464.76,84.19,146.84,22.74,Coal,22,Clear,29.0,52,18.2,3.2,8.1,165.93
2023-01-02 13:10:00,2023-01-02,13:10:00,Monday,January,2023,Delhi,Nungambakkam,18.982146,89.87817,200,32,798,24.78,Indian Oil,24.189416,77.432377,124.92,276.65,92.71,141.09,45.67,Electric,20,Clear,34.5,57,7.7,6.3,13.4,96.77
2023-01-02 13:20:00,2023-01-02,13:20:00,Monday,January,2023,Chennai,Koramangala,19.071147,82.501798,151,31,964,31.56,Reliance Industries,25.060388,73.713414,195.83,489.15,74.03,41.16,38.0,Coal,9,Foggy,32.7,55,12.9,4.5,11.9,117.34
2023-01-02 13:30:00,2023-01-02,13:30:00,Monday,January,2023,Chennai,Nungambakkam,27.811136,83.423933,879,22,1286,12.69,Indian Oil,22.523933,84.531076,117.54,621.29,26.1,145.29,23.88,Diesel,20,Rainy,32.5,57,18.5,9.6,0.1,114.27
2023-01-02 13:40:00,2023-01-02,13:40:00,Monday,January,2023,Bangalore,MG Road,20.10069,91.385365,1213,20,1122,44.72,Reliance Industries,19.734991,84.529942,254.18,365.13,64.11,11.25,44.7,Diesel,23,Cloudy,21.0,59,5.8,4.1,2.2,109.97
2023-01-02 13:50:00,2023-01-02,13:50:00,Monday,January,2023,Delhi,Nungambakkam,26.056827,82.083974,1984,25,550,9.9,Reliance Industries,19.290682,77.40323,347.42,519.91,61.51,116.81,48.48,Diesel,7,Clear,35.4,70,10.5,4.4,1.0,157.39
2023-01-02 14:00:00,2023-01-02,14:00:00,Monday,January,2023,Kolkata,Nungambakkam,13.919336,84.962641,349,37,837,28.72,JSW Steel,19.678763,75.971969,76.18,442.82,98.14,110.5,8.95,Diesel,19,Rainy,25.2,86,19.9,4.2,1.9,96.13
2023-01-02 14:10:00,2023-01-02,14:10:00,Monday,January,2023,Chennai,Salt Lake,21.059381,87.652022,1108,31,1404,32.42,Indian Oil,25.834061,72.030037,60.79,475.28,20.61,171.13,40.98,Electric,19,Clear,26.7,85,17.1,2.9,9.6,90.36
2023-01-02 14:20:00,2023-01-02,14:20:00,Monday,January,2023,Bangalore,Andheri East,25.306069,82.239802,1137,55,831,39.52,Tata Steel,23.486686,78.48587,375.98,469.6,12.62,43.37,19.87,Diesel,21,Foggy,35.9,58,12.2,6.6,13.4,138.18
2023-01-02 14:30:00,2023-01-02,14:30:00,Monday,January,2023,Chennai,Andheri East,20.16078,90.696583,2000,23,1355,28.45,JSW Steel,23.799713,77.994554,291.15,224.96,71.69,161.91,44.96,Diesel,8,Cloudy,25.6,51,10.1,4.4,8.0,120.87
2023-01-02 14:40:00,2023-01-02,14:40:00,Monday,January,2023,Mumbai,Nungambakkam,22.409319,80.229228,339,39,1222,43.6,Tata Steel,20.171979,73.649158,444.67,322.95,84.65,67.5,28.63,Natural Gas,9,Rainy,35.7,62,18.7,5.0,0.4,154.91
2023-01-02 14:50:00,2023-01-02,14:50:00,Monday,January,2023,Kolkata,Nungambakkam,15.319021,82.779936,1090,53,817,39.9,Reliance Industries,24.155851,73.86678,492.02,409.69,99.34,48.99,6.64,Electric,22,Clear,20.1,52,15.3,6.3,1.3,168.82
2023-01-02 15:00:00,2023-01-02,15:00:00,Monday,January,2023,Kolkata,MG Road,14.518714,89.895209,1626,39,523,30.99,Indian Oil,23.110807,75.987068,140.25,271.94,57.9,156.83,35.2,Diesel,10,Cloudy,25.5,50,19.4,6.0,1.5,91.13
2023-01-02 15:10:00,2023-01-02,15:10:00,Monday,January,2023,Chennai,Andheri East,21.525041,81.62657,1542,38,1087,16.02,Tata Steel,20.49102,88.952619,293.26,130.44,12.61,181.63,7.27,Electric,7,Clear,28.5,61,15.6,9.0,9.4,98.81
2023-01-02 15:20:00,2023-01-02,15:20:00,Monday,January,2023,Kolkata,Nungambakkam,18.483302,82.649946,505,54,580,48.82,BHEL,22.542314,73.765407,411.06,519.16,18.75,68.97,34.0,Electric,21,Cloudy,38.9,59,17.9,6.6,13.7,155.95
2023-01-02 15:30:00,2023-01-02,15:30:00,Monday,January,2023,Kolkata,Koramangala,23.88395,88.208516,1715,40,964,26.94,Tata Steel,21.802675,78.677376,257.56,202.48,79.11,124.84,10.73,Coal,18,Clear,26.5,54,16.9,5.8,6.0,106.44
2023-01-02 15:40:00,2023-01-02,15:40:00,Monday,January,2023,Kolkata,Koramangala,22.647735,86.250749,1087,44,567,20.33,JSW Steel,21.449188,90.623899,305.25,305.32,72.47,42.89,35.13,Electric,9,Foggy,26.5,56,17.3,2.6,14.3,119.18
2023-01-02 15:50:00,2023-01-02,15:50:00,Monday,January,2023,Delhi,Nungambakkam,14.607291,90.694914,1679,44,835,27.24,Tata Steel,18.724264,87.523638,449.27,641.95,67.25,10.04,11.6,Natural Gas,20,Rainy,27.8,86,11.7,2.9,13.2,175.22
2023-01-02 16:00:00,2023-01-02,16:00:00,Monday,January,2023,Bangalore,Nungambakkam,25.371243,88.448634,1981,47,1235,49.22,Indian Oil,25.922314,83.071813,325.17,406.25,86.29,171.98,7.81,Coal,6,Rainy,22.2,68,18.0,3.1,10.5,145.34
2023-01-02 16:10:00,2023-01-02,16:10:00,Monday,January,2023,Kolkata,Andheri East,24.074846,83.880745,991,54,716,34.81,BHEL,19.112551,82.55301,429.5,316.17,47.55,64.81,44.27,Natural Gas,10,Clear,21.4,51,7.2,9.0,9.9,142.22
2023-01-02 16:20:00,2023-01-02,16:20:00,Monday,January,2023,Mumbai,MG Road,15.054358,90.559225,1861,49,1415,40.5,JSW Steel,25.442488,83.841721,254.48,354.47,83.81,83.1,15.16,Electric,6,Foggy,36.9,65,15.7,3.4,13.9,120.31
2023-01-02 16:30:00,2023-01-02,16:30:00,Monday,January,2023,Chennai,Andheri East,13.425351,77.732346,1089,43,615,31.11,Tata Steel,19.1367,85.89457,492.61,690.2,80.1,98.34,8.52,Coal,13,Foggy,32.6,54,15.3,5.9,8.7,200.77
2023-01-02 16:40:00,2023-01-02,16:40:00,Monday,January,2023,Chennai,MG Road,27.086289,86.035055,122,50,964,28.07,BHEL,22.591722,78.298766,208.81,686.66,36.52,41.83,36.28,Diesel,24,Rainy,21.2,80,13.7,6.2,9.8,129.78
2023-01-02 16:50:00,2023-01-02,16:50:00,Monday,January,2023,Bangalore,Nungambakkam,13.32858,85.195495,359,52,578,43.32,Indian Oil,20.016408,83.700157,173.85,254.17,76.73,124.73,45.96,Natural Gas,20,Rainy,36.2,66,16.7,3.1,2.7,99.84
2023-01-02 17:00:00,2023-01-02,17:00:00,Monday,January,2023,Chennai,MG Road,18.282714,78.509504,397,58,1456,41.98,BHEL,24.02209,79.84601,222.43,496.4,75.34,41.78,31.0,Diesel,7,Rainy,35.1,57,5.8,5.2,7.1,123.49
2023-01-02 17:10:00,2023-01-02,17:10:00,Monday,January,2023,Kolkata,Nungambakkam,16.568483,88.514616,898,50,768,11.53,BHEL,18.094904,89.617228,251.97,507.1,96.56,139.75,6.85,Diesel,19,Rainy,26.7,67,17.0,3.3,8.8,140.42
2023-01-02 17:20:00,2023-01-02,17:20:00,Monday,January,2023,Kolkata,Koramangala,24.428721,86.931696,499,53,845,35.5,Reliance Industries,20.506159,72.200982,53.81,140.77,47.01,109.8,35.85,Diesel,13,Rainy,25.0,52,5.4,1.8,14.1,53.81
2023-01-02 17:30:00,2023-01-02,17:30:00,Monday,January,2023,Mumbai,Nungambakkam,22.917901,88.924854,345,25,1376,32.21,BHEL,23.251157,89.098047,304.73,680.3,90.64,142.17,16.4,Electric,8,Foggy,38.5,67,16.5,7.2,10.0,170.66
2023-01-02 17:40:00,2023-01-02,17:40:00,Monday,January,2023,Bangalore,Andheri East,15.442867,78.335751,1691,23,891,22.49,Tata Steel,20.065909,87.443216,130.07,141.64,98.15,48.13,22.67,Electric,9,Cloudy,30.8,77,8.3,6.8,13.7,73.05
2023-01-02 17:50:00,2023-01-02,17:50:00,Monday,January,2023,Bangalore,MG Road,13.447316,78.275886,1590,36,1295,25.06,BHEL,19.190834,84.16637,469.8,498.76,33.98,143.01,45.71,Coal,22,Foggy,29.6,75,17.7,8.0,11.8,175.42
2023-01-02 18:00:00,2023-01-02,18:00:00,Monday,January,2023,Chennai,Koramangala,12.951926,93.034394,1775,50,624,30.53,Indian Oil,20.667518,77.753733,74.84,698.21,68.24,79.42,43.4,Diesel,8,Foggy,35.2,68,14.7,2.6,0.6,117.76
2023-01-02 18:10:00,2023-01-02,18:10:00,Monday,January,2023,Kolkata,Koramangala,17.592264,83.614749,318,60,1205,21.17,Tata Steel,25.081713,80.321691,135.26,121.42,12.28,199.31,15.73,Electric,8,Rainy,30.0,78,19.5,1.1,5.1,69.15
2023-01-02 18:20:00,2023-01-02,18:20:00,Monday,January,2023,Bangalore,MG Road,19.266473,80.635026,1439,53,969,47.3,JSW Steel,19.191629,83.007569,466.17,122.13,22.74,134.23,26.2,Coal,13,Cloudy,20.3,90,5.7,3.8,11.9,130.1
2023-01-02 18:30:00,2023-01-02,18:30:00,Monday,January,2023,Kolkata,Nungambakkam,15.579823,86.97041,1774,26,616,27.37,JSW Steel,19.76458,87.284617,241.8,586.91,98.4,138.9,19.59,Natural Gas,16,Cloudy,35.3,87,7.6,1.6,4.1,149.64
2023-01-02 18:40:00,2023-01-02,18:40:00,Monday,January,2023,Kolkata,Koramangala,23.831844,86.341909,998,35,1447,31.19,Reliance Industries,18.799743,88.099967,325.6,566.6,11.41,102.52,5.29,Natural Gas,8,Rainy,28.3,80,15.4,2.9,9.6,140.5
2023-01-02 18:50:00,2023-01-02,18:50:00,Monday,January,2023,Chennai,Salt Lake,19.368892,92.766096,1350,22,1110,13.1,BHEL,22.896399,73.672403,421.92,280.72,47.69,115.96,13.64,Coal,17,Cloudy,29.3,90,14.9,3.5,2.9,140.81
2023-01-02 19:00:00,2023-01-02,19:00:00,Monday,January,2023,Mumbai,Salt Lake,20.710983,79.767985,1989,22,555,34.02,Indian Oil,19.676718,76.776254,327.57,634.05,50.78,29.84,7.36,Natural Gas,11,Clear,29.7,57,6.1,3.1,6.7,148.73
2023-01-02 19:10:00,2023-01-02,19:10:00,Monday,January,2023,Chennai,Andheri East,19.479341,89.576349,1939,40,735,40.05,Indian Oil,19.822257,76.505249,235.67,219.97,90.22,23.97,31.33,Coal,19,Cloudy,24.3,89,11.8,4.5,2.0,97.56
2023-01-02 19:20:00,2023-01-02,19:20:00,Monday,January,2023,Mumbai,Andheri East,28.216227,80.476922,360,22,1208,30.59,Indian Oil,19.092012,88.181376,256.36,202.72,40.92,178.42,32.16,Natural Gas,24,Cloudy,21.7,83,12.3,10.0,8.9,105.13
2023-01-02 19:30:00,2023-01-02,19:30:00,Monday,January,2023,Kolkata,Andheri East,13.127711,84.249443,1887,35,753,19.73,JSW Steel,19.779253,89.622114,475.81,648.25,90.84,89.38,6.99,Electric,22,Clear,28.5,75,12.2,8.2,12.3,193.49
2023-01-02 19:40:00,2023-01-02,19:40:00,Monday,January,2023,Kolkata,Salt Lake,16.67603,86.426732,125,46,1472,14.81,Indian Oil,20.366323,84.305164,90.83,387.87,37.44,143.63,43.61,Coal,20,Foggy,35.4,75,7.8,8.8,9.4,90.25
2023-01-02 19:50:00,2023-01-02,19:50:00,Monday,January,2023,Delhi,MG Road,18.942605,88.635536,1187,22,803,24.17,Indian Oil,23.58444,83.637524,308.85,224.29,71.62,127.89,20.11,Coal,22,Rainy,37.8,57,10.7,5.2,0.6,120.88
2023-01-02 20:00:00,2023-01-02,20:00:00,Monday,January,2023,Bangalore,Koramangala,23.076311,88.87139,1248,33,641,49.16,Reliance Industries,22.317071,84.33173,381.82,551.37,88.4,143.54,38.89,Natural Gas,16,Rainy,38.0,82,15.2,3.5,1.0,175.02
2023-01-02 20:10:00,2023-01-02,20:10:00,Monday,January,2023,Bangalore,Salt Lake,20.533762,85.895599,351,50,1226,28.94,JSW Steel,25.19561,80.587589,215.67,503.98,72.39,195.84,44.74,Natural Gas,20,Clear,21.6,61,9.3,9.6,1.6,136.39
2023-01-02 20:20:00,2023-01-02,20:20:00,Monday,January,2023,Bangalore,MG Road,23.844189,85.38869,1891,33,1033,47.84,Tata Steel,20.345356,90.421918,293.65,179.22,41.2,94.33,34.01,Diesel,12,Clear,20.4,64,17.5,5.7,5.0,101.81
2023-01-02 20:30:00,2023-01-02,20:30:00,Monday,January,2023,Chennai,Andheri East,23.19544,90.239967,1095,57,1181,36.36,JSW Steel,21.56205,77.777564,109.38,573.61,25.46,59.4,26.79,Diesel,7,Cloudy,27.1,79,19.3,6.6,2.4,98.37
2023-01-02 20:40:00,2023-01-02,20:40:00,Monday,January,2023,Chennai,Andheri East,15.761804,80.028501,1550,29,665,15.71,Tata Steel,25.950184,82.915978,248.4,321.8,28.46,144.36,34.95,Diesel,10,Rainy,29.0,60,13.0,2.1,0.4,111.28
2023-01-02 20:50:00,2023-01-02,20:50:00,Monday,January,2023,Kolkata,Koramangala,27.780288,92.594449,419,20,1493,38.23,JSW Steel,20.650245,85.403576,263.26,273.9,94.96,196.33,30.82,Natural Gas,24,Foggy,26.8,57,16.0,9.1,2.1,127.11
2023-01-02 21:00:00,2023-01-02,21:00:00,Monday,January,2023,Chennai,MG Road,17.736891,83.80722,1822,34,956,21.08,Indian Oil,18.440269,84.18494,312.54,233.29,94.21,62.81,6.01,Electric,8,Foggy,23.9,70,14.0,5.6,0.8,116.34
2023-01-02 21:10:00,2023-01-02,21:10:00,Monday,January,2023,Bangalore,Salt Lake,15.222751,91.358528,857,44,881,5.55,Indian Oil,20.81084,90.572949,443.44,152.56,75.51,94.4,49.67,Electric,15,Cloudy,36.1,77,15.9,4.7,12.5,140.67
2023-01-02 21:20:00,2023-01-02,21:20:00,Monday,January,2023,Chennai,MG Road,15.155137,82.16396,1876,53,843,7.98,JSW Steel,24.048912,73.680517,234.26,648.65,47.31,115.6,36.96,Natural Gas,12,Cloudy,36.6,68,13.3,1.4,12.4,143.75
2023-01-02 21:30:00,2023-01-02,21:30:00,Monday,January,2023,Chennai,Andheri East,20.657378,89.455596,559,21,1310,5.11,Indian Oil,20.401355,84.170549,336.45,174.51,69.93,64.66,13.07,Natural Gas,6,Clear,35.3,81,19.9,1.6,11.2,113.56
2023-01-02 21:40:00,2023-01-02,21:40:00,Monday,January,2023,Chennai,Salt Lake,21.779521,91.601377,1386,50,1497,36.24,Tata Steel,20.985618,85.926188,57.9,255.72,62.35,37.77,25.75,Natural Gas,17,Cloudy,21.1,73,11.3,9.2,5.3,60.19
2023-01-02 21:50:00,2023-01-02,21:50:00,Monday,January,2023,Bangalore,Andheri East,21.214914,92.736494,1152,32,1284,33.26,Tata Steel,22.7901,75.175582,195.17,289.73,86.05,161.98,17.22,Diesel,9,Rainy,36.5,50,7.1,3.5,11.7,110.44
2023-01-02 22:00:00,2023-01-02,22:00:00,Monday,January,2023,Kolkata,Andheri East,27.358246,79.822587,546,29,1015,14.95,Reliance Industries,24.360854,82.614449,360.34,671.5,86.15,145.38,36.6,Coal,19,Foggy,38.3,57,17.3,9.3,7.2,182.31
2023-01-02 22:10:00,2023-01-02,22:10:00,Monday,January,2023,Bangalore,Andheri East,15.08252,84.480363,1323,53,1281,48.66,Reliance Industries,23.679159,72.546431,416.56,233.41,87.11,37.05,15.2,Natural Gas,12,Cloudy,39.6,77,15.4,8.1,1.2,137.22
2023-01-02 22:20:00,2023-01-02,22:20:00,Monday,January,2023,Kolkata,Salt Lake,13.567516,78.90055,1724,52,1107,7.67,Tata Steel,25.268234,72.822348,185.74,106.16,18.69,33.52,32.08,Natural Gas,11,Rainy,20.6,59,17.7,9.5,14.2,62.18
2023-01-02 22:30:00,2023-01-02,22:30:00,Monday,January,2023,Bangalore,Andheri East,15.42075,85.460595,1592,59,747,27.72,Tata Steel,18.792845,82.98454,56.29,230.2,27.24,63.55,45.57,Coal,9,Cloudy,38.4,80,10.5,6.3,6.6,58.32
2023-01-02 22:40:00,2023-01-02,22:40:00,Monday,January,2023,Delhi,Koramangala,26.005452,93.487729,968,33,1026,15.24,Tata Steel,24.091276,77.971325,259.66,411.84,54.62,78.64,17.97,Coal,8,Rainy,29.9,74,9.3,6.4,4.7,119.68
2023-01-02 22:50:00,2023-01-02,22:50:00,Monday,January,2023,Kolkata,Koramangala,21.596479,81.952842,1851,47,693,43.55,BHEL,25.512656,78.981387,55.75,504.5,70.49,85.31,28.52,Coal,9,Cloudy,27.9,87,19.7,7.7,13.4,92.66
2023-01-02 23:00:00,2023-01-02,23:00:00,Monday,January,2023,Mumbai,MG Road,18.610247,80.424743,510,58,1364,49.58,Tata Steel,19.862957,80.06938,274.6,558.89,78.94,122.79,39.03,Electric,17,Foggy,33.3,75,19.8,5.6,2.2,149.44
2023-01-02 23:10:00,2023-01-02,23:10:00,Monday,January,2023,Kolkata,MG Road,14.818384,85.272001,572,60,1465,11.06,Tata Steel,23.902387,87.775937,274.16,116.05,26.12,124.87,19.71,Diesel,9,Clear,33.2,83,16.5,8.1,3.0,92.76
2023-01-02 23:20:00,2023-01-02,23:20:00,Monday,January,2023,Kolkata,Salt Lake,20.825278,86.158717,1757,54,1059,5.8,Tata Steel,25.925693,88.722388,103.61,370.07,86.76,94.09,6.62,Natural Gas,23,Rainy,37.7,60,12.4,2.2,10.7,92.69
2023-01-02 23:30:00,2023-01-02,23:30:00,Monday,January,2023,Kolkata,MG Road,21.831027,85.292247,1234,54,1085,26.14,JSW Steel,24.834812,81.627016,226.12,396.81,97.38,127.22,20.87,Diesel,16,Clear,20.6,52,6.9,4.3,12.1,123.31
2023-01-02 23:40:00,2023-01-02,23:40:00,Monday,January,2023,Chennai,MG Road,24.913546,87.540055,879,26,938,20.53,Indian Oil,21.295437,73.072536,159.9,240.77,38.09,26.14,35.96,Diesel,9,Rainy,23.4,84,9.9,5.1,13.0,74.56
2023-01-02 23:50:00,2023-01-02,23:50:00,Monday,January,2023,Chennai,Nungambakkam,27.052135,81.552535,1525,50,1102,6.0,Indian Oil,21.021901,79.415715,307.64,585.0,19.01,138.27,20.12,Diesel,11,Rainy,27.3,77,8.0,6.7,14.6,145.13
2023-01-03 00:00:00,2023-01-03,00:00:00,Tuesday,January,2023,Delhi,Nungambakkam,16.261058,81.52809,708,56,911,41.21,JSW Steel,23.943104,73.747199,429.88,156.84,40.32,22.78,41.05,Electric,19,Cloudy,26.9,54,14.8,3.7,12.1,121.49
2023-01-03 00:10:00,2023-01-03,00:10:00,Tuesday,January,2023,Kolkata,Nungambakkam,17.819642,84.019048,614,59,1027,25.4,JSW Steel,19.444807,72.353463,366.5,617.63,61.92,50.46,48.3,Electric,14,Foggy,38.7,90,5.9,2.8,6.9,165.06
2023-01-03 00:20:00,2023-01-03,00:20:00,Tuesday,January,2023,Mumbai,Koramangala,24.619006,89.884352,1828,47,920,19.34,Tata Steel,23.07142,88.073373,170.12,272.23,24.45,140.5,15.63,Natural Gas,9,Cloudy,23.8,65,17.0,3.8,7.3,86.51
2023-01-03 00:30:00,2023-01-03,00:30:00,Tuesday,January,2023,Kolkata,Salt Lake,23.056676,77.717962,426,37,639,6.31,Indian Oil,23.269366,75.343719,433.63,678.27,53.73,13.78,43.68,Coal,16,Rainy,37.3,76,18.5,7.0,13.3,178.51
2023-01-03 00:40:00,2023-01-03,00:40:00,Tuesday,January,2023,Kolkata,Koramangala,16.605846,86.635255,1124,27,1034,34.89,JSW Steel,25.597396,89.699557,163.31,630.74,31.43,33.23,41.3,Diesel,24,Foggy,36.1,65,19.0,3.0,1.6,116.69
2023-01-03 00:50:00,2023-01-03,00:50:00,Tuesday,January,2023,Mumbai,Andheri East,19.799764,81.346909,1307,23,1002,29.01,Tata Steel,20.53192,80.051845,357.23,677.99,89.15,188.02,21.33,Diesel,15,Clear,32.9,88,5.5,7.7,12.0,184.59
2023-01-03 01:00:00,2023-01-03,01:00:00,Tuesday,January,2023,Delhi,Koramangala,16.871831,83.524327,1408,43,1424,41.55,Tata Steel,22.279286,76.491256,249.08,104.72,96.47,186.23,46.31,Diesel,8,Cloudy,25.9,60,18.7,6.7,13.2,108.02
2023-01-03 01:10:00,2023-01-03,01:10:00,Tuesday,January,2023,Kolkata,MG Road,17.202373,78.437579,1696,51,982,38.16,Indian Oil,23.739088,88.658463,419.11,594.64,72.86,106.2,20.83,Diesel,20,Clear,35.2,61,14.5,8.1,2.0,177.6
2023-01-03 01:20:00,2023-01-03,01:20:00,Tuesday,January,2023,Kolkata,Koramangala,22.764251,82.339154,268,27,661,16.23,Reliance Industries,24.775683,85.029314,406.69,291.64,53.05,149.68,16.73,Diesel,15,Cloudy,21.7,73,7.7,8.9,14.2,142.09
2023-01-03 01:30:00,2023-01-03,01:30:00,Tuesday,January,2023,Chennai,Koramangala,13.225534,77.483601,1243,59,1141,15.29,Tata Steel,25.793021,75.767058,365.57,201.25,46.09,91.49,16.71,Coal,17,Cloudy,38.9,57,5.2,5.7,11.6,121.06
2023-01-03 01:40:00,2023-01-03,01:40:00,Tuesday,January,2023,Kolkata,Salt Lake,14.760644,89.016514,490,37,794,38.59,BHEL,19.041595,88.270417,320.04,697.12,35.47,138.67,23.82,Electric,10,Clear,25.8,66,8.5,5.1,3.7,162.22
2023-01-03 01:50:00,2023-01-03,01:50:00,Tuesday,January,2023,Chennai,Salt Lake,14.246097,84.930323,1884,40,1497,36.19,Reliance Industries,23.706688,85.46061,381.25,253.74,18.58,21.16,19.98,Natural Gas,21,Rainy,39.9,88,15.6,8.3,0.1,117.43
